
CREATE TABLE customer_info(
    customer_id INT PRIMARY KEY,
    full_name VARCHAR(120),
    location VARCHAR(90)
);

CREATE TABLE products(
    product_id INT PRIMARY KEY,
    product_name VARCHAR(120),
    price FLOAT,
    customer_id INT,
    FOREIGN KEY (customer_id) REFERENCES customer_info(customer_id)
);

CREATE TABLE sales(
    sales_id INT PRIMARY KEY,
    total_sales FLOAT,
    product_id INT,
    customer_id INT,
    FOREIGN KEY (product_id) REFERENCES products(product_id),
    FOREIGN KEY (customer_id) REFERENCES customer_info(customer_id)
);

INSERT INTO customer_info (customer_id, full_name, location) VALUES
(1, 'Joseph Brown', 'Kakamega'),
(2, 'William Jackson', 'Nyeri'),
(3, 'Jane Robinson', 'Nairobi'),
(4, 'Sophia Doe', 'Kakamega'),
(5, 'Jane Smith', 'Kitale'),
(6, 'Joseph Garcia', 'Nyeri'),
(7, 'Michael Anderson', 'Kakamega'),
(8, 'Sophia Thomas', 'Thika'),
(9, 'Jane Doe', 'Meru'),
(10, 'Michael Rodriguez', 'Nairobi'),
(11, 'Joseph Garcia', 'Kisumu'),
(12, 'Robert Robinson', 'Eldoret'),
(13, 'Olivia Robinson', 'Nakuru'),
(14, 'John Harris', 'Nakuru'),
(15, 'Emma Johnson', 'Eldoret'),
(16, 'Daniel White', 'Nakuru'),
(17, 'Joseph Martinez', 'Nakuru'),
(18, 'Michael Harris', 'Thika'),
(19, 'Mia Johnson', 'Eldoret'),
(20, 'Amelia Thompson', 'Kakamega'),
(21, 'Robert White', 'Nyeri'),
(22, 'Emily Rodriguez', 'Meru'),
(23, 'Robert Martin', 'Nyeri'),
(24, 'Thomas Lewis', 'Kakamega'),
(25, 'Robert Doe', 'Thika'),
(26, 'Olivia Thompson', 'Thika'),
(27, 'Michael Robinson', 'Nyeri'),
(28, 'Thomas White', 'Nakuru'),
(29, 'John Rodriguez', 'Nyeri'),
(30, 'Charles Clark', 'Mombasa'),
(31, 'Michael Taylor', 'Kisumu'),
(32, 'Amelia Anderson', 'Eldoret'),
(33, 'Jane Johnson', 'Kitale'),
(34, 'Amelia Jackson', 'Nyeri'),
(35, 'Michael Harris', 'Nairobi'),
(36, 'William Thomas', 'Kisumu'),
(37, 'Thomas White', 'Kisumu'),
(38, 'Olivia Anderson', 'Kakamega'),
(39, 'Emma Lee', 'Thika'),
(40, 'Thomas Thomas', 'Nyeri'),
(41, 'Joseph Clark', 'Thika'),
(42, 'James Thomas', 'Nyeri'),
(43, 'David Thomas', 'Nyeri'),
(44, 'David Garcia', 'Thika'),
(45, 'Sophia Lee', 'Nyeri'),
(46, 'Sophia Taylor', 'Kakamega'),
(47, 'Mia Smith', 'Meru'),
(48, 'Mia Martin', 'Eldoret'),
(49, 'William Rodriguez', 'Thika'),
(50, 'Charles Jackson', 'Kitale'),
(51, 'Charles Clark', 'Nakuru'),
(52, 'Joseph Thompson', 'Mombasa'),
(53, 'Laura Taylor', 'Mombasa'),
(54, 'Olivia Doe', 'Nyeri'),
(55, 'Daniel Jackson', 'Thika'),
(56, 'Mia Lee', 'Nyeri'),
(57, 'Amelia Doe', 'Thika'),
(58, 'John Garcia', 'Thika'),
(59, 'Robert Brown', 'Nairobi'),
(60, 'Jane White', 'Kakamega'),
(61, 'Joseph Doe', 'Meru'),
(62, 'James Robinson', 'Mombasa'),
(63, 'David Brown', 'Kitale'),
(64, 'Michael Garcia', 'Kakamega'),
(65, 'Sarah Clark', 'Mombasa'),
(66, 'James Lewis', 'Kisumu'),
(67, 'Isabella Smith', 'Kakamega'),
(68, 'Isabella Martin', 'Nakuru'),
(69, 'Emily Clark', 'Thika'),
(70, 'Joseph Doe', 'Nyeri'),
(71, 'Olivia Robinson', 'Nairobi'),
(72, 'John Martin', 'Kakamega'),
(73, 'William Garcia', 'Nyeri'),
(74, 'Mia Rodriguez', 'Meru'),
(75, 'Charles Robinson', 'Meru'),
(76, 'John Jackson', 'Eldoret'),
(77, 'Isabella White', 'Kitale'),
(78, 'Michael Brown', 'Kitale'),
(79, 'Jane Brown', 'Nakuru'),
(80, 'Robert Harris', 'Eldoret'),
(81, 'Robert Anderson', 'Nyeri'),
(82, 'James Lewis', 'Mombasa'),
(83, 'John Lee', 'Kakamega'),
(84, 'Isabella Thompson', 'Meru'),
(85, 'Amelia White', 'Thika'),
(86, 'Michael Thompson', 'Nairobi'),
(87, 'Amelia White', 'Nakuru'),
(88, 'Emily Lewis', 'Kitale'),
(89, 'Emma Martin', 'Kitale'),
(90, 'William Clark', 'Nyeri'),
(91, 'Amelia Martinez', 'Nakuru'),
(92, 'Jane Garcia', 'Nyeri'),
(93, 'Joseph Robinson', 'Kisumu'),
(94, 'James Thompson', 'Nairobi'),
(95, 'Daniel Garcia', 'Nakuru'),
(96, 'Sophia Wilson', 'Nakuru'),
(97, 'Laura Brown', 'Kisumu'),
(98, 'Thomas Clark', 'Mombasa'),
(99, 'Emily Lee', 'Kakamega'),
(100, 'James Thomas', 'Kisumu');
INSERT INTO products (product_id, product_name, price, customer_id) VALUES
(1, 'Desk Chair', 1548.44, 18),
(2, 'Smartphone', 27.36, 17),
(3, 'Headphones', 1984.17, 40),
(4, 'Monitor', 1342.11, 58),
(5, 'Mouse', 204.04, 77),
(6, 'Microphone', 219.27, 81),
(7, 'Hard Drive', 24.48, 70),
(8, 'Camera', 1840.29, 85),
(9, 'Mouse', 1252.78, 3),
(10, 'Drone', 492.79, 57),
(11, 'Webcam', 659.21, 52),
(12, 'Hard Drive', 1492.63, 21),
(13, 'Tablet', 1887.75, 78),
(14, 'Webcam', 1713.05, 34),
(15, 'Mouse', 1539.49, 91),
(16, 'Headphones', 635.68, 26),
(17, 'Microphone', 1645.12, 16),
(18, 'Router', 874.19, 81),
(19, 'Backpack', 516.92, 52),
(20, 'Headphones', 1064.6, 50),
(21, 'Camera', 1705.18, 12),
(22, 'Desk Chair', 979.95, 62),
(23, 'Speaker', 1785.94, 54),
(24, 'Headphones', 75.56, 40),
(25, 'Hard Drive', 415.07, 19),
(26, 'Router', 648.76, 3),
(27, 'Microphone', 1676.9, 23),
(28, 'Hard Drive', 1361.42, 41),
(29, 'Desk Chair', 1322.31, 63),
(30, 'Headphones', 132.7, 53),
(31, 'Hard Drive', 53.42, 93),
(32, 'Backpack', 1318.99, 25),
(33, 'Tablet', 25.26, 89),
(34, 'Microphone', 1787.98, 49),
(35, 'Microphone', 1426.46, 45),
(36, 'Headphones', 1333.71, 61),
(37, 'Speaker', 1071.04, 6),
(38, 'Smartwatch', 1109.53, 19),
(39, 'Router', 1140.65, 91),
(40, 'Drone', 1960.57, 78),
(41, 'Monitor', 1723.12, 66),
(42, 'Speaker', 377.16, 14),
(43, 'Camera', 610.37, 31),
(44, 'Gaming Console', 1046.72, 86),
(45, 'Backpack', 1032.05, 34),
(46, 'Laptop', 1898.52, 17),
(47, 'Keyboard', 705.21, 85),
(48, 'Printer', 599.96, 22),
(49, 'Laptop', 1302.98, 37),
(50, 'Hard Drive', 1981.26, 28),
(51, 'Router', 1108.39, 51),
(52, 'Camera', 274.49, 69),
(53, 'Drone', 1065.0, 79),
(54, 'Mouse', 1085.26, 71),
(55, 'Drone', 114.11, 83),
(56, 'Backpack', 36.43, 35),
(57, 'Camera', 1306.91, 56),
(58, 'Gaming Console', 1024.27, 74),
(59, 'Smartphone', 1486.25, 28),
(60, 'Projector', 1749.97, 29),
(61, 'Mouse', 953.82, 70),
(62, 'Router', 1063.32, 1),
(63, 'Mouse', 649.32, 22),
(64, 'Microphone', 1730.18, 75),
(65, 'Mouse', 417.53, 44),
(66, 'Camera', 1428.87, 4),
(67, 'Backpack', 366.16, 10),
(68, 'Drone', 547.99, 85),
(69, 'Drone', 775.55, 43),
(70, 'Gaming Console', 1051.9, 57),
(71, 'Monitor', 1424.13, 20),
(72, 'Hard Drive', 1780.39, 72),
(73, 'Microphone', 671.98, 40),
(74, 'Tablet', 747.62, 40),
(75, 'Gaming Console', 1572.56, 13),
(76, 'Microphone', 425.84, 73),
(77, 'Backpack', 729.37, 15),
(78, 'Printer', 243.48, 24),
(79, 'Smartphone', 51.9, 41),
(80, 'Smartphone', 1889.99, 9),
(81, 'Smartphone', 447.69, 8),
(82, 'Mouse', 165.03, 82),
(83, 'Drone', 1905.95, 87),
(84, 'Hard Drive', 1280.61, 21),
(85, 'Printer', 95.63, 46),
(86, 'Backpack', 451.96, 23),
(87, 'Laptop', 1514.83, 100),
(88, 'Webcam', 80.3, 1),
(89, 'Smartphone', 573.22, 40),
(90, 'Camera', 778.56, 11),
(91, 'Projector', 567.96, 56),
(92, 'Laptop', 756.25, 12),
(93, 'Headphones', 1982.6, 32),
(94, 'Smartphone', 1672.78, 39),
(95, 'Speaker', 760.28, 16),
(96, 'Smartwatch', 983.62, 23),
(97, 'Router', 777.75, 55),
(98, 'Microphone', 1205.46, 73),
(99, 'Headphones', 1431.8, 2),
(100, 'Mouse', 265.75, 33),
(101, 'Laptop', 731.4, 62),
(102, 'Hard Drive', 1274.75, 21),
(103, 'Hard Drive', 1872.3, 52),
(104, 'Printer', 1952.28, 37),
(105, 'Printer', 1934.12, 35),
(106, 'Printer', 72.48, 99),
(107, 'Tablet', 1314.39, 42),
(108, 'Camera', 1759.08, 99),
(109, 'Drone', 895.35, 62),
(110, 'Desk Chair', 665.07, 61),
(111, 'Laptop', 1783.14, 15),
(112, 'Drone', 1431.95, 3),
(113, 'Printer', 1407.86, 58),
(114, 'Keyboard', 885.44, 97),
(115, 'Printer', 753.67, 40),
(116, 'Projector', 909.27, 54),
(117, 'Camera', 1839.46, 78),
(118, 'Smartwatch', 1763.22, 70),
(119, 'Tablet', 479.6, 50),
(120, 'Hard Drive', 302.16, 11),
(121, 'Backpack', 1343.87, 26),
(122, 'Mouse', 245.96, 15),
(123, 'Desk Chair', 934.21, 45),
(124, 'Desk Chair', 665.96, 100),
(125, 'Backpack', 105.1, 50),
(126, 'Smartphone', 480.74, 16),
(127, 'Keyboard', 1252.15, 13),
(128, 'Smartphone', 378.99, 24),
(129, 'Microphone', 895.83, 86),
(130, 'Headphones', 1720.26, 52),
(131, 'Webcam', 526.43, 43),
(132, 'Speaker', 1595.21, 4),
(133, 'Speaker', 567.6, 11),
(134, 'Headphones', 322.72, 31),
(135, 'Smartwatch', 744.19, 36),
(136, 'Projector', 369.66, 40),
(137, 'Laptop', 261.51, 59),
(138, 'Headphones', 506.05, 83),
(139, 'Monitor', 411.38, 89),
(140, 'Laptop', 135.4, 7),
(141, 'Speaker', 1582.58, 48),
(142, 'Hard Drive', 1189.43, 46),
(143, 'Smartwatch', 1783.47, 12),
(144, 'Speaker', 1325.81, 88),
(145, 'Keyboard', 1780.47, 48),
(146, 'Printer', 1120.98, 87),
(147, 'Desk Chair', 1601.6, 3),
(148, 'Laptop', 1006.78, 66),
(149, 'Gaming Console', 1947.49, 79),
(150, 'Camera', 1842.79, 84),
(151, 'Hard Drive', 208.1, 54),
(152, 'Gaming Console', 1585.97, 92),
(153, 'Smartwatch', 1989.22, 10),
(154, 'Desk Chair', 373.54, 83),
(155, 'Router', 508.94, 43),
(156, 'Desk Chair', 759.32, 96),
(157, 'Monitor', 933.71, 96),
(158, 'Monitor', 470.8, 82),
(159, 'Keyboard', 481.01, 16),
(160, 'Tablet', 1227.13, 1),
(161, 'Backpack', 1538.99, 89),
(162, 'Mouse', 1926.51, 49),
(163, 'Router', 1252.64, 61),
(164, 'Desk Chair', 363.07, 97),
(165, 'Projector', 1456.18, 80),
(166, 'Laptop', 165.44, 52),
(167, 'Projector', 1793.56, 14),
(168, 'Desk Chair', 592.26, 85),
(169, 'Printer', 469.24, 67),
(170, 'Backpack', 638.31, 81),
(171, 'Desk Chair', 1377.49, 41),
(172, 'Speaker', 1591.46, 68),
(173, 'Smartphone', 580.31, 89),
(174, 'Headphones', 57.43, 1),
(175, 'Smartphone', 56.01, 83),
(176, 'Microphone', 308.07, 90),
(177, 'Laptop', 295.11, 14),
(178, 'Laptop', 1045.88, 90),
(179, 'Keyboard', 894.02, 66),
(180, 'Speaker', 1931.26, 95),
(181, 'Mouse', 941.71, 78),
(182, 'Backpack', 898.6, 54),
(183, 'Laptop', 1205.67, 91),
(184, 'Keyboard', 845.54, 70),
(185, 'Mouse', 706.85, 90),
(186, 'Hard Drive', 327.57, 2),
(187, 'Webcam', 1377.55, 24),
(188, 'Printer', 152.67, 15),
(189, 'Headphones', 301.05, 36),
(190, 'Speaker', 499.51, 46),
(191, 'Monitor', 1483.72, 38),
(192, 'Smartwatch', 1159.93, 71),
(193, 'Camera', 1679.0, 8),
(194, 'Smartwatch', 321.18, 10),
(195, 'Hard Drive', 36.55, 86),
(196, 'Mouse', 1118.9, 46),
(197, 'Microphone', 1699.49, 10),
(198, 'Hard Drive', 972.93, 45),
(199, 'Tablet', 1787.18, 56),
(200, 'Tablet', 1250.29, 17);
INSERT INTO sales (sales_id, total_sales, product_id, customer_id) VALUES
(1, 5249.91, 60, 29),
(2, 5368.44, 4, 58),
(3, 1413.7, 185, 90),
(4, 5696.52, 71, 20),
(5, 5695.56, 46, 17),
(6, 7736.48, 105, 35),
(7, 2542.72, 16, 26),
(8, 4544.49, 87, 100),
(9, 961.48, 126, 16),
(10, 530.8, 30, 53),
(11, 2333.25, 97, 55),
(12, 8225.6, 17, 16),
(13, 8615.6, 41, 66),
(14, 1252.15, 127, 13),
(15, 1046.04, 137, 59),
(16, 1867.42, 157, 96),
(17, 3680.58, 8, 85),
(18, 50.52, 33, 89),
(19, 3193.8, 20, 50),
(20, 182.75, 195, 86),
(21, 1199.92, 48, 22),
(22, 924.21, 176, 90),
(23, 53.42, 31, 93),
(24, 3359.9, 73, 40),
(25, 541.6, 140, 7),
(26, 2093.44, 44, 86),
(27, 1842.79, 150, 84),
(28, 106.84, 31, 93),
(29, 3756.45, 127, 13),
(30, 401.5, 88, 1),
(31, 8008.0, 147, 3),
(32, 6028.35, 183, 91),
(33, 451.96, 86, 23),
(34, 895.83, 129, 86),
(35, 1063.0, 100, 33),
(36, 2687.49, 129, 86),
(37, 1785.94, 23, 54),
(38, 573.22, 89, 40),
(39, 1787.18, 199, 56),
(40, 1426.46, 35, 45),
(41, 5139.15, 14, 34),
(42, 906.48, 120, 11),
(43, 1748.38, 18, 81),
(44, 2048.54, 58, 74),
(45, 4908.52, 160, 1),
(46, 1679.0, 193, 8),
(47, 5289.24, 29, 63),
(48, 2544.7, 155, 43),
(49, 1234.14, 139, 89),
(50, 3956.97, 32, 25),
(51, 7144.35, 66, 4),
(52, 1876.96, 169, 67),
(53, 373.54, 154, 83),
(54, 737.88, 122, 15),
(55, 4493.0, 182, 54),
(56, 3243.8, 26, 3),
(57, 2369.04, 168, 85),
(58, 7842.28, 40, 78),
(59, 3526.44, 118, 70),
(60, 1922.96, 126, 16),
(61, 2333.25, 97, 55),
(62, 1783.47, 143, 12),
(63, 2242.86, 74, 40),
(64, 417.53, 65, 44),
(65, 903.15, 189, 36),
(66, 726.14, 164, 97),
(67, 3499.94, 60, 29),
(68, 938.48, 169, 67),
(69, 1431.95, 112, 3),
(70, 480.74, 126, 16),
(71, 3968.34, 3, 40),
(72, 1831.11, 43, 31),
(73, 5881.71, 40, 78),
(74, 2271.84, 91, 56),
(75, 3617.01, 183, 91),
(76, 6629.05, 144, 88),
(77, 217.44, 106, 99),
(78, 5190.54, 64, 75),
(79, 315.3, 125, 50),
(80, 4476.75, 109, 62),
(81, 7929.85, 152, 92),
(82, 822.76, 139, 89),
(83, 4804.8, 147, 3),
(84, 2820.84, 47, 85),
(85, 1981.26, 50, 28),
(86, 3421.95, 39, 91),
(87, 1740.93, 173, 89),
(88, 495.09, 82, 82),
(89, 1984.17, 3, 40),
(90, 2035.76, 155, 43),
(91, 3359.9, 73, 40),
(92, 1478.64, 136, 40),
(93, 1343.87, 121, 26),
(94, 1475.55, 177, 14),
(95, 7148.72, 199, 56),
(96, 635.68, 16, 26),
(97, 9906.3, 50, 28),
(98, 1848.3, 136, 40),
(99, 1842.79, 150, 84),
(100, 2651.62, 144, 88),
(101, 3102.2, 69, 43),
(102, 4562.6, 39, 91),
(103, 3560.78, 72, 72),
(104, 906.48, 120, 11),
(105, 2990.48, 74, 40),
(106, 7862.8, 75, 13),
(107, 4223.58, 113, 58),
(108, 2219.06, 38, 19),
(109, 4227.7, 184, 70),
(110, 1971.16, 10, 57),
(111, 1135.92, 91, 56),
(112, 8395.0, 193, 8),
(113, 1012.1, 138, 83),
(114, 6629.05, 144, 88),
(115, 165.44, 166, 52),
(116, 301.05, 189, 36),
(117, 3841.83, 84, 21),
(118, 1959.9, 22, 62),
(119, 4671.05, 123, 45),
(120, 8935.9, 199, 56),
(121, 5121.35, 58, 74),
(122, 2191.96, 68, 85),
(123, 469.24, 169, 67),
(124, 1518.64, 156, 96),
(125, 775.55, 69, 43),
(126, 2015.94, 73, 40),
(127, 1135.2, 133, 11),
(128, 1538.99, 161, 89),
(129, 4479.15, 129, 86),
(130, 1703.36, 76, 73),
(131, 5277.24, 108, 99),
(132, 1520.56, 95, 16),
(133, 648.76, 26, 3),
(134, 7559.96, 80, 9),
(135, 7121.56, 72, 72),
(136, 1483.72, 191, 38),
(137, 479.6, 119, 50),
(138, 7725.04, 180, 95),
(139, 1063.0, 100, 33),
(140, 1740.93, 173, 89),
(141, 4821.84, 98, 73),
(142, 7736.48, 105, 35),
(143, 2651.62, 144, 88),
(144, 8525.9, 21, 12),
(145, 6892.48, 41, 66),
(146, 2237.8, 196, 46),
(147, 5824.72, 165, 80),
(148, 1343.96, 73, 40),
(149, 2686.05, 109, 62),
(150, 1331.92, 124, 100),
(151, 204.04, 5, 77),
(152, 2015.94, 73, 40),
(153, 6571.95, 107, 42),
(154, 3526.05, 47, 85),
(155, 3966.93, 29, 63),
(156, 3358.0, 193, 8),
(157, 3328.59, 38, 19),
(158, 3756.45, 127, 13),
(159, 1428.87, 66, 4),
(160, 1486.25, 59, 28),
(161, 730.44, 78, 24),
(162, 5881.71, 40, 78),
(163, 274.49, 52, 69),
(164, 2976.76, 135, 36),
(165, 7489.2, 103, 52),
(166, 2048.54, 58, 74),
(167, 4001.13, 36, 61),
(168, 6807.1, 28, 41),
(169, 1749.97, 60, 29),
(170, 1252.78, 9, 3),
(171, 2999.8, 48, 22),
(172, 739.32, 136, 40),
(173, 3841.83, 84, 21),
(174, 1045.88, 178, 90),
(175, 2613.82, 57, 56),
(176, 1967.24, 96, 23),
(177, 1189.43, 142, 46),
(178, 1234.14, 139, 89),
(179, 1095.98, 68, 85),
(180, 938.48, 169, 67),
(181, 1703.36, 76, 73),
(182, 5368.44, 4, 58),
(183, 24.48, 7, 70),
(184, 3920.73, 57, 56),
(185, 3797.04, 46, 17),
(186, 2544.7, 155, 43),
(187, 5257.56, 107, 42),
(188, 1749.97, 60, 29),
(189, 2191.96, 68, 85),
(190, 877.08, 6, 81),
(191, 3568.29, 142, 46),
(192, 2628.78, 107, 42),
(193, 1120.98, 146, 87),
(194, 3426.1, 14, 34),
(195, 2237.8, 196, 46),
(196, 3526.44, 118, 70),
(197, 6028.35, 183, 91),
(198, 1945.86, 198, 45),
(199, 114.11, 55, 83),
(200, 941.71, 181, 78),
(201, 7594.08, 46, 17),
(202, 7132.3, 35, 45),
(203, 2739.95, 68, 85),
(204, 7623.8, 83, 87),
(205, 775.55, 69, 43),
(206, 1234.14, 139, 89),
(207, 5257.56, 107, 42),
(208, 649.32, 63, 22),
(209, 5259.5, 70, 57),
(210, 3962.52, 50, 28),
(211, 1788.04, 179, 66),
(212, 363.07, 164, 97),
(213, 1676.9, 27, 23),
(214, 649.32, 63, 22),
(215, 4747.74, 141, 48),
(216, 8363.9, 94, 39),
(217, 4479.15, 129, 86),
(218, 1815.35, 164, 97),
(219, 2755.1, 187, 24),
(220, 973.92, 78, 24),
(221, 1971.16, 10, 57),
(222, 1947.49, 149, 79),
(223, 665.96, 124, 100),
(224, 1310.28, 186, 2),
(225, 1428.87, 66, 4),
(226, 2120.55, 185, 90),
(227, 1307.55, 137, 59),
(228, 3797.04, 46, 17),
(229, 7936.68, 3, 40),
(230, 243.48, 78, 24),
(231, 2505.56, 9, 3),
(232, 2820.84, 47, 85),
(233, 1424.13, 71, 20),
(234, 5696.52, 71, 20),
(235, 4546.35, 116, 54),
(236, 82.08, 2, 17),
(237, 1676.9, 27, 23),
(238, 7929.85, 152, 92),
(239, 8008.0, 147, 3),
(240, 2238.45, 81, 8),
(241, 5520.87, 8, 85),
(242, 7121.56, 72, 72),
(243, 1885.8, 42, 14),
(244, 1085.26, 54, 71),
(245, 5669.97, 80, 9),
(246, 366.16, 67, 10),
(247, 6892.48, 41, 66),
(248, 5363.94, 34, 49),
(249, 1343.96, 73, 40),
(250, 4451.16, 191, 38),
(251, 635.68, 16, 26),
(252, 6193.76, 1, 18),
(253, 2292.88, 89, 40),
(254, 5008.6, 127, 13),
(255, 1426.46, 35, 45),
(256, 3111.0, 97, 55),
(257, 146.2, 195, 86),
(258, 2863.6, 99, 2),
(259, 2722.84, 28, 41),
(260, 1343.87, 121, 26),
(261, 145.72, 56, 35),
(262, 5257.56, 107, 42),
(263, 3534.25, 185, 90),
(264, 7159.75, 112, 3),
(265, 3460.36, 64, 75),
(266, 7120.65, 71, 20),
(267, 1204.2, 189, 36),
(268, 1595.21, 132, 4),
(269, 3587.12, 167, 14),
(270, 4253.28, 62, 1),
(271, 165.03, 82, 82),
(272, 592.26, 168, 85),
(273, 80.3, 88, 1),
(274, 3345.56, 94, 39),
(275, 4223.58, 113, 58),
(276, 2505.28, 163, 61),
(277, 274.49, 52, 69),
(278, 4668.55, 157, 96),
(279, 122.4, 7, 70),
(280, 759.32, 156, 96),
(281, 2500.58, 200, 17),
(282, 885.44, 114, 97),
(283, 2912.36, 165, 80),
(284, 759.32, 156, 96),
(285, 4821.84, 98, 73),
(286, 302.16, 120, 11),
(287, 7862.8, 75, 13),
(288, 1679.0, 193, 8),
(289, 659.21, 11, 52),
(290, 151.12, 24, 40),
(291, 315.3, 125, 50),
(292, 8967.8, 167, 14),
(293, 6263.9, 9, 3),
(294, 3290.24, 17, 16),
(295, 2901.55, 173, 89),
(296, 2232.57, 135, 36),
(297, 27.36, 2, 17),
(298, 3566.94, 143, 12),
(299, 731.4, 101, 62),
(300, 456.44, 55, 83),
(301, 295.11, 177, 14),
(302, 146.2, 195, 86),
(303, 1318.42, 11, 52),
(304, 6881.04, 130, 52),
(305, 5518.38, 117, 78),
(306, 3646.85, 77, 15),
(307, 1889.99, 80, 9),
(308, 3025.0, 92, 12),
(309, 7148.72, 199, 56),
(310, 2939.85, 22, 62),
(311, 112.02, 175, 83),
(312, 1108.98, 136, 40),
(313, 491.92, 122, 15),
(314, 25.26, 33, 89),
(315, 1095.98, 68, 85),
(316, 2838.0, 133, 11),
(317, 486.96, 78, 24),
(318, 592.26, 168, 85),
(319, 1063.0, 100, 33),
(320, 567.96, 91, 56),
(321, 7151.92, 34, 49),
(322, 2597.28, 63, 22),
(323, 612.12, 5, 77),
(324, 747.62, 74, 40),
(325, 2990.48, 74, 40),
(326, 478.15, 85, 46),
(327, 265.75, 100, 33),
(328, 2281.3, 39, 91),
(329, 3014.68, 115, 40),
(330, 8816.1, 118, 70),
(331, 4544.49, 87, 100),
(332, 7463.15, 12, 21),
(333, 1839.46, 117, 78),
(334, 7706.04, 162, 49),
(335, 4031.61, 121, 26),
(336, 4747.74, 141, 48),
(337, 4774.38, 172, 68),
(338, 5098.47, 197, 10),
(339, 2232.57, 135, 36),
(340, 1333.71, 36, 61),
(341, 3568.29, 142, 46),
(342, 4616.97, 161, 89),
(343, 2268.75, 92, 12),
(344, 1719.66, 89, 40),
(345, 1637.85, 186, 2),
(346, 3576.08, 179, 66),
(347, 48.96, 7, 70),
(348, 1947.49, 149, 79),
(349, 5033.9, 148, 66),
(350, 3114.24, 90, 11),
(351, 2901.55, 173, 89),
(352, 5547.65, 38, 19),
(353, 6380.84, 132, 4),
(354, 6710.55, 4, 58),
(355, 182.15, 56, 35),
(356, 4616.97, 161, 89),
(357, 4132.65, 187, 24),
(358, 4645.32, 1, 18),
(359, 369.66, 136, 40),
(360, 1931.26, 180, 95),
(361, 1051.9, 70, 57),
(362, 302.24, 24, 40),
(363, 1931.26, 180, 95),
(364, 1234.14, 139, 89),
(365, 5727.2, 99, 2),
(366, 778.56, 90, 11),
(367, 5160.25, 45, 34),
(368, 1298.64, 63, 22),
(369, 1512.5, 92, 12),
(370, 2961.3, 168, 85),
(371, 5357.82, 23, 54),
(372, 5275.96, 32, 25),
(373, 5934.88, 191, 38),
(374, 2103.8, 70, 57),
(375, 1033.84, 19, 52),
(376, 4483.92, 146, 87),
(377, 4427.2, 114, 97),
(378, 109.44, 2, 17),
(379, 168.03, 175, 83),
(380, 152.67, 188, 15),
(381, 6887.45, 171, 41),
(382, 3824.25, 102, 21),
(383, 726.14, 164, 97),
(384, 3014.68, 115, 40),
(385, 3037.28, 156, 96),
(386, 1922.96, 126, 16),
(387, 1096.35, 6, 81),
(388, 1840.29, 8, 85),
(389, 7623.8, 83, 87),
(390, 6710.55, 4, 58),
(391, 1548.44, 1, 18),
(392, 5289.24, 29, 63),
(393, 259.5, 79, 41),
(394, 8967.8, 167, 14),
(395, 1208.64, 120, 11),
(396, 1790.76, 81, 8),
(397, 496.32, 166, 52),
(398, 6251.45, 200, 17),
(399, 1234.14, 139, 89),
(400, 4438.12, 38, 19),
(401, 3526.05, 47, 85),
(402, 3358.0, 193, 8),
(403, 1252.59, 65, 44),
(404, 114.11, 55, 83),
(405, 5115.54, 21, 12),
(406, 2939.85, 22, 62),
(407, 3155.7, 70, 57),
(408, 4546.35, 116, 54),
(409, 5316.6, 62, 1),
(410, 1318.99, 32, 25),
(411, 1670.12, 65, 44),
(412, 6263.2, 163, 61),
(413, 5010.56, 163, 61),
(414, 1894.95, 128, 24),
(415, 1306.91, 57, 56),
(416, 2035.76, 155, 43),
(417, 6373.75, 102, 21),
(418, 3678.92, 117, 78),
(419, 2129.2, 20, 50),
(420, 2093.44, 44, 86),
(421, 9802.85, 40, 78),
(422, 1946.28, 26, 3),
(423, 4935.36, 17, 16),
(424, 5323.0, 20, 50),
(425, 2115.63, 47, 85),
(426, 2411.34, 183, 91),
(427, 999.02, 190, 46),
(428, 5323.0, 20, 50),
(429, 2093.44, 44, 86),
(430, 382.52, 85, 46),
(431, 1518.64, 156, 96),
(432, 985.58, 10, 57),
(433, 321.2, 88, 1),
(434, 2115.63, 47, 85),
(435, 1478.64, 136, 40),
(436, 6999.88, 60, 29),
(437, 1217.4, 78, 24),
(438, 2405.05, 159, 16),
(439, 526.43, 131, 43),
(440, 3921.14, 40, 78),
(441, 8565.25, 14, 34),
(442, 213.68, 31, 93),
(443, 6887.45, 171, 41),
(444, 1660.28, 25, 19),
(445, 5121.35, 58, 74),
(446, 2319.86, 192, 71),
(447, 5856.84, 104, 37),
(448, 4639.72, 192, 71),
(449, 784.53, 137, 59),
(450, 4295.4, 99, 2),
(451, 612.12, 5, 77),
(452, 851.68, 76, 73),
(453, 732.32, 67, 10),
(454, 1582.58, 141, 48),
(455, 2820.84, 47, 85),
(456, 612.12, 5, 77),
(457, 416.2, 151, 54),
(458, 2261.01, 115, 40),
(459, 508.94, 155, 43),
(460, 1361.42, 28, 41),
(461, 1064.6, 20, 50),
(462, 2268.75, 92, 12),
(463, 103.8, 79, 41),
(464, 2015.94, 73, 40),
(465, 3811.9, 83, 87),
(466, 152.67, 188, 15),
(467, 1551.1, 69, 43),
(468, 3892.8, 90, 11),
(469, 1204.2, 189, 36),
(470, 2628.78, 107, 42),
(471, 75.78, 33, 89),
(472, 447.69, 81, 8),
(473, 8008.0, 147, 3),
(474, 1785.94, 23, 54),
(475, 7912.9, 141, 48),
(476, 7144.35, 66, 4),
(477, 204.04, 5, 77),
(478, 7120.65, 71, 20),
(479, 757.98, 128, 24),
(480, 3904.56, 104, 37),
(481, 4341.04, 54, 71),
(482, 1095.98, 68, 85),
(483, 2801.13, 157, 96),
(484, 2687.49, 129, 86),
(485, 3750.87, 200, 17),
(486, 342.33, 55, 83),
(487, 851.68, 76, 73),
(488, 1645.12, 17, 16),
(489, 1475.55, 177, 14),
(490, 3195.0, 53, 79),
(491, 7930.4, 93, 32),
(492, 1572.56, 75, 13),
(493, 3921.14, 40, 78),
(494, 4433.56, 51, 51),
(495, 3020.34, 148, 66),
(496, 5289.66, 118, 70),
(497, 4479.15, 129, 86),
(498, 624.3, 151, 54),
(499, 3191.55, 170, 81),
(500, 2013.56, 148, 66);




select * from customer_info;

select * from products p;

select * from sales;

--Section 1--
--Retrieve all columns from customer_info and sort results alphabetically by full_name.
select * from customer_info ci
order by ci.full_name;

--Get the top 5 most expensive products from products.
select product_id, product_name, price from products 
order by price desc
limit 5;

--Display products from row 6 to 10 when ordered by price in descending order.
select product_id, product_name, price from products p 
order by price desc 
limit 5 offset 5;


--Section 2: WHERE + CASE
--Find all customers located in Kisumu.
select count(*) as total_customers from customer_info ci
where location = 'Kisumu'
group by location;

--List products priced between 100 and 500, and add a column called price_category that says "Low" if price < 300, "Medium" if 300–1000, else "High".
select p.*, 
case
	when price < 300 then 'Low'
	when price between 300 and 1000 then 'Medium'
	else 'High'
end as price_category
from products p 
where price between 100 and 500;

--Get all sales where total_sales is greater than 1000, and show "Big Sale" or "Small Sale" using CASE.
--select max(s.total_sales)
--from sales s;

select sales_id, customer_id, total_sales,
case
	when total_sales > 1000 then 'Big Sale'
	else 'Small Sale'
end as sale_size
from sales 
where total_sales > 1000;

--List products priced between 100 and 500, and add a column called price_category that says "Low" if price < 300, "Medium" if 300–1000, else "High".


select product_id, product_name, price,
case
	when price < 300 then 'Low'
	when price between 300 and 1000 then 'Medium'
	else 'High'
end as price_category
from products p 
where price between 100 and 500
order by price desc;

--Section 3: JOIN + ORDER BY
--Show sales_id, product_name, and full_name for every sale, ordered by total_sales in descending order.
select sales_id, product_name, full_name from sales s
join products p on s.product_id = p.product_id 
join customer_info ci on s.customer_id = ci.customer_id 
order by s.total_sales desc;

--List all products along with their customer's location, sorted by location then product name.
select product_name, location 
from products p 
join customer_info ci on p.customer_id = ci.customer_id 
order by location, p.product_name;

--Display all sales with product_name, price, and full_name, ordered by price from highest to lowest.
select  full_name, product_name, price from products p 
join customer_info ci on p.customer_id = ci.customer_id 
order by p.price desc;


--Section 4: GROUP BY + HAVING
--Count how many products each customer owns, and only show customers with more than 2 products.
select ci.full_name,
count(p.product_id) as product_count
from customer_info ci 
join products p on ci.customer_id = p.customer_id 
group by ci.full_name 
having count(p.product_id ) > 2;
--Find the total sales for each product and only include products with sales totaling over 2000.
select p.product_name, sum(s.total_sales) as totat_sales
from sales s
join products p on s.product_id  = p.product_id
group by p.product_name 
having sum(s.total_sales ) > 2000;

--Get the number of customers in each location, sorted by customer count in descending order.
select ci.location, count(ci.customer_id) as customer_count
from customer_info ci 
group by ci.location 
order by customer_count desc;

















